<application>
  <component name="ProjectManager">
    <defaultProject>
      <component name="PropertiesComponent">{
  &quot;keyToString&quot;: {
    &quot;go.import.settings.migrated&quot;: &quot;true&quot;,
    &quot;settings.editor.selected.configurable&quot;: &quot;preferences.keymap&quot;
  }
}</component>
      <component name="WindowStateProjectService">
        <state x="743" y="270" key="FileChooserDialogImpl" timestamp="1699385556130">
          <screen x="0" y="0" width="1920" height="1080" />
        </state>
        <state x="743" y="270" key="FileChooserDialogImpl/0.0.1920.1080" timestamp="1699385556130" />
        <state x="469" y="176" key="SettingsEditor" timestamp="1699113683141">
          <screen x="0" y="0" width="1920" height="1080" />
        </state>
        <state x="469" y="176" key="SettingsEditor/0.0.1920.1080" timestamp="1699113683141" />
      </component>
    </defaultProject>
  </component>
</application>